Item ID,Item Title,Product Photo URL,List Price,List Date,Item Cost,Available Quantity,Purchased At,SKU
135195069240,JASSY Espresso Maker 20 Bar Cappuccino Coffee Machine with Milk Steamer for Espr,https://i.ebayimg.com/images/g/aAcAAOSwOz9mvmSc/s-l140.jpg,120.0,2024-08-15T20:29:14.000Z,,1,,
135500589171,"2021 2024 HYUNDAI ELANTRA JACK, SPARE WHEEL TOOLS",https://i.ebayimg.com/images/g/cqsAAOSw~qVniEg4/s-l140.jpg,75.0,2025-01-15T23:47:35.000Z,,1,,
135500624885,JoncAye Pickleball-Paddles-Set of 4 Rackets with Balls and Bag | USAPA Appr,https://i.ebayimg.com/images/g/sEwAAOSwOVRniE4k/s-l140.jpg,45.0,2025-01-16T00:12:40.000Z,,1,,
135501906168,DOONEY & BOURKE Purse Shoulder Bag Canvas Leather Black Brown 2478,https://i.ebayimg.com/images/g/RXEAAOSwF01niW8O/s-l140.jpg,15.0,2025-01-16T20:42:56.000Z,,1,,
135501908333,Dooney & Bourke Vintage Brown Black Signature Jacquard Tassel Satchel Handbag,https://i.ebayimg.com/images/g/0toAAOSweTFniW~i/s-l140.jpg,12.0,2025-01-16T20:46:51.000Z,,1,,
134940163253,"INTAJ Rosewood Cremation Urn Large, 640lbs Limit, 14x7.5 Inches",https://i.ebayimg.com/images/g/xrwAAOSwfYhlz~tY/s-l140.jpg,45.0,2024-02-17T00:21:34.000Z,,1,,
135503379280,AX3000 WiFi 6 Range Extender Booster Gigabit Ethernet Dual Band 2.4/ 5 GHz,https://i.ebayimg.com/images/g/OKwAAOSwAdZniqhr/s-l140.jpg,40.0,2025-01-17T19:00:31.000Z,,1,,
135503398750,AVID POWER Tire Inflator Portable Air Compressor 20V Battery & Chgr 12v Car Adp,https://i.ebayimg.com/images/g/rp4AAOSwHYdniqwY/s-l140.jpg,57.0,2025-01-17T19:16:50.000Z,,1,,
135503416947,"Microsoft Surface Dock Triple Display with Power Supply, 12 in 1 Surface Pro",https://i.ebayimg.com/images/g/UIsAAOSwD4VnirBh/s-l140.jpg,70.0,2025-01-17T19:35:54.000Z,,1,,
135503445357,Powermatic 2 Electric Cigarette Injector Machine,https://i.ebayimg.com/images/g/H3cAAOSwU4xnird2/s-l140.jpg,55.0,2025-01-17T20:09:06.000Z,,1,,
135108621560,"EZVALO Smart Desk Lamp with APP Control,Eye-Caring Auto-Dimming Led Desk Lamp...",https://i.ebayimg.com/images/g/oXEAAOSw2-pmcI-f/s-l140.jpg,65.0,2024-06-17T19:43:04.000Z,,1,,
135108645455,16 Lines 4D Laser Level Self-Leveling 4X360 Horizontal & Vertical Cross Line,https://i.ebayimg.com/images/g/ANcAAOSwwclmcJfX/s-l140.jpg,59.0,2024-06-17T20:11:28.000Z,,1,,
135108651785,New Ringside Boxing MMA Kickboxing Apex Flash Sparring FTG2 Gloves - 16oz Green,https://i.ebayimg.com/images/g/900AAOSwFJVmcJl0/s-l140.jpg,65.0,2024-06-17T20:19:51.000Z,,1,,
135108657468,DEKOPRO 1/3HP 2450 GPH Submersible Utility Water Pump High-efficiency Motor,https://i.ebayimg.com/images/g/O4cAAOSwfctmcJtn/s-l140.jpg,49.0,2024-06-17T20:26:04.000Z,,1,,
134941513619,TikTalkPro Wireless Lavalier Microphone for iPhone - 2 Pack 2.4Ghz Mic,https://i.ebayimg.com/images/g/9~4AAOSwF7hl0TLl/s-l140.jpg,25.0,2024-02-17T22:30:13.000Z,,1,,
135108738319,BaByliss PRO Rapido 2000 Watts Professional Hair Dryer (Retails $199),https://i.ebayimg.com/images/g/YOUAAOSwp5RmcK8w/s-l140.jpg,130.0,2024-06-17T21:51:12.000Z,,1,,
134984224865,Seac Libera Full Face Mask S/M Aqua&Orange Snorkeling Mask,https://i.ebayimg.com/images/g/gCkAAOSwkW5l-OF9/s-l140.jpg,45.0,2024-03-19T00:55:36.000Z,,1,,
134984264826,"KONE Pure Owl-Eye – Optical RGB Gaming Mouse, White (ROC-11-725-WE)",https://i.ebayimg.com/images/g/gqcAAOSw7L5l-OzV/s-l140.jpg,55.0,2024-03-19T01:41:56.000Z,,1,,
134984426388,"BRAIDOL Wireless HDMI Transmitter/Receiver 4K, Wireless HDMI Adapter Plug & Play",https://i.ebayimg.com/images/g/DzsAAOSwJsRl-R5S/s-l140.jpg,95.0,2024-03-19T05:12:38.000Z,,1,,
135066646919,XTO Neck Massager Mini Back Neck Massager with Heat Kneading Electric Massage...,https://i.ebayimg.com/images/g/FyYAAOSwndxmSkK1/s-l140.jpg,55.0,2024-05-19T18:21:37.000Z,,1,,
135066699057,Ergobaby Omni 360 All-Position Baby Carrier for Newborn to Toddler w/ Lumbar,https://i.ebayimg.com/images/g/NGAAAOSwtSJmSk3G/s-l140.jpg,70.0,2024-05-19T19:10:21.000Z,,1,,
135113120943,"Solar Fence Lights, Outdoor Waterproof Warm White & Color Glow LED, Solar Out...",https://i.ebayimg.com/images/g/QksAAOSw3x1mdIoh/s-l140.jpg,75.0,2024-06-20T20:01:19.000Z,,1,,
134902450218,Camera 2.5K HD Pet Cam360° Pan/Tilt View Angel with Two Way Audio Dog Cam,https://i.ebayimg.com/images/g/AWQAAOSwaudlqwMB/s-l140.jpg,35.0,2024-01-22T22:38:24.000Z,,1,,
134902471934,Pixel Voical Lark 2-Person Wireless Microphone System for DSLR Cameras and Sm...,https://i.ebayimg.com/images/g/ODMAAOSw0NVlq1L2/s-l140.jpg,90.0,2024-01-22T23:01:30.000Z,,1,,
134902607468,"Greater Goods Vacuum Sealer Machine, All-in-One Food Sealer",https://i.ebayimg.com/images/g/MScAAOSwUZJlrWu2/s-l140.jpg,35.0,2024-01-23T01:07:34.000Z,,1,,
135514053266,"Wasserstein Solar Panel Compatible with Ring Spotlight 3 Panels, White ",https://i.ebayimg.com/images/g/BFwAAOSw-etnko0r/s-l140.jpg,55.0,2025-01-23T18:42:58.000Z,,1,,
135516000363,Delta Faucet Pivotal Tub Spout Non-Diverter RP90159BL Matte Black,https://i.ebayimg.com/images/g/Z9gAAOSwGP9nlBfy/s-l140.jpg,80.0,2025-01-24T22:45:45.000Z,,1,,
135271066814,"Veise KS02C - Fingerprint Door Lock with Door Knob, Matte Black ",https://i.ebayimg.com/images/g/ABIAAOSw41Jm9Zjt/s-l140.jpg,55.0,2024-09-26T17:29:01.000Z,,1,,
135271145539,Afloia Pet Air Purifier Home Air Purifier for Large Rooms up to 880 Square Feet,https://i.ebayimg.com/images/g/T-oAAOSwQSBm9aos/s-l140.jpg,55.0,2024-09-26T18:40:38.000Z,,1,,
135271155250,Aquasana Under Sink Water Filter - Reduces 99% of 78 Contaminants Including Chlo,https://i.ebayimg.com/images/g/EJsAAOSwnblm9ax~/s-l140.jpg,90.0,2024-09-26T18:50:49.000Z,,1,,
135271209007,CouchConsole Original Cup Holder Tray - Drinks & Snacks Sofa Caddy with Armrest,https://i.ebayimg.com/images/g/KP0AAOSw83lm9bUB/s-l140.jpg,45.0,2024-09-26T19:28:05.000Z,,1,,
135271233153,"Hot Qing Rainfall Dual Shower Head, 12"" Square Head",https://i.ebayimg.com/images/g/u7EAAOSwUo1m9bws/s-l140.jpg,50.0,2024-09-26T19:58:13.000Z,,1,,
134908554278,"1Mii Bluetooth Digital Amplifier, Bluetooth 5.0 Stereo Audio Amplifier Receiver",https://i.ebayimg.com/images/g/JtgAAOSwn39ltIZg/s-l140.jpg,70.0,2024-01-27T04:33:02.000Z,,1,,
134908610696,"Xsky Smart Recessed Lighting 6 Inch, 13W RGBCW Color Changing Recessed Lighti...",https://i.ebayimg.com/images/g/TGcAAOSwlO5ltJrH/s-l140.jpg,70.0,2024-01-27T05:59:12.000Z,,1,,
135325677629,Combat Infantry Badge Pin -Marked GI 1/20 S F,https://i.ebayimg.com/images/g/P3UAAOSwQ11nHpLU/s-l140.jpg,30.0,2024-10-27T19:23:42.000Z,,1,,
135325686331,Two Army Insignia Pin 75th Training Command Support Unit Crest  (Make Ready),https://i.ebayimg.com/images/g/GBoAAOSwb6BnHpVK/s-l140.jpg,17.0,2024-10-27T19:34:16.000Z,,1,,
135124936228,FUSION MS-BT100 Bluetooth Dongle,https://i.ebayimg.com/images/g/mHIAAOSwHdxmf1Jy/s-l140.jpg,42.0,2024-06-29T00:18:25.000Z,,1,,
135081034408,Xfinity XR15 V2-UQ Cable Box Remote Control With Back Lit Keypad,https://i.ebayimg.com/images/g/x-8AAOSwA8FmV7aF/s-l140.jpg,6.0,2024-05-30T00:24:25.000Z,,1,,
135081036291,General Electric 33709 CL5 7252 Universal Remote Control,https://i.ebayimg.com/images/g/~9cAAOSwbVZmV8e0/s-l140.jpg,4.0,2024-05-30T00:28:22.000Z,,1,,
135220890544,"Wireless Trucker Bluetooth Headset with Mic, AI Noise Cancelling and Mute Button",https://i.ebayimg.com/images/g/gRUAAOSwi9Nm0kaL/s-l140.jpg,43.99,2024-08-30T22:28:29.000Z,,1,,
135083890168,EKSA Bluetooth 5.0 Headset Computer Headset with AI-Powered Noise Cancelling ...,https://i.ebayimg.com/images/g/FTUAAOSwkq1mWjfQ/s-l140.jpg,75.0,2024-05-31T20:52:12.000Z,,1,,
134875077040,"BEICHEN Mini Fridge [Upgrade], Small Fridge Rapid Cooling 4 Liter/6 Cans",https://i.ebayimg.com/images/g/PJ4AAOSwW4xllMCA/s-l140.jpg,15.0,2024-01-03T02:15:06.000Z,,1,,
134875113265,"Moforoco 9-Tier Over The Door Pantry Organizer, Pantry Organization and Storage,",https://i.ebayimg.com/images/g/l3QAAOSwpS1llMrG/s-l140.jpg,20.0,2024-01-03T02:56:29.000Z,,1,,
135480746811,EGO POWER+ (BA2800) 5.0Ah 56V GENUINE LI-ION BATTERY -- [POOR CONDITION],https://i.ebayimg.com/images/g/~AYAAOSwx75neFh7/s-l140.jpg,80.0,2025-01-03T21:40:55.000Z,,1,,
135480752614,Momcozy Newborn Baby Carrier -Ergonomic Cozy and Lightweight Carrier for 7-24Lbs,https://i.ebayimg.com/images/g/lrcAAOSwOIFneFr2/s-l140.jpg,60.0,2025-01-03T21:50:09.000Z,,1,,
135480767716,Dragon Digital 10” Digital Picture Frame Touch WiFi IPS 32GB Storage Auto-Rotate,https://i.ebayimg.com/images/g/Fk8AAOSwT1xneF65/s-l140.jpg,40.0,2025-01-03T22:06:28.000Z,,1,,
135286536808,ELECOM DEFT PRO Trackball Mouse Wired/Wireless Bluetooth Ergonomic Design -Black,https://i.ebayimg.com/images/g/0O4AAOSwbhdnAF0M/s-l140.jpg,49.0,2024-10-04T21:26:24.000Z,,1,,
135346574374,"Vtg US Army Blue PUC Presidential Unit Citation Medal Ribbon Bar 9/16 x 1  3/8""",https://i.ebayimg.com/images/g/E7oAAOSwILRnHpkl/s-l140.jpg,9.0,2024-11-05T16:55:05.000Z,,1,,
135535517967,Range Technology AFM & DFM For V6 or V8 GM Vehicles,https://i.ebayimg.com/images/g/eHUAAOSwnGJno8QF/s-l140.jpg,175.0,2025-02-05T20:05:42.000Z,,1,,
135535554283,Penn 1404000 RIV30LW Rival Level Wind Reel,https://i.ebayimg.com/images/g/qOwAAOSw701no8ww/s-l140.jpg,70.0,2025-02-05T20:40:27.000Z,,1,,
135006827627,"XYJ Authentic Slicing Knives Set, Whetstone, Honing Steel, Roll Bag 10 pcs, Blue",https://i.ebayimg.com/images/g/2SQAAOSwanNmEJJh/s-l140.jpg,70.0,2024-04-06T00:12:12.000Z,,2,,
135135143996,CINCOM Hand Massager - Cordless Hand Massager with Heat and Compression ,https://i.ebayimg.com/images/g/hacAAOSwVqJmiJ9o/s-l140.jpg,45.0,2024-07-06T01:37:47.000Z,,1,,
135136130491,Vintage Ui-Maikai Schlitz Gusto Hawaiian Shirt. S/M  1960’s.,https://i.ebayimg.com/images/g/ZGcAAOSwQ6NmiYey/s-l140.jpg,185.0,2024-07-06T18:09:59.000Z,,1,,
135007795414,AC/DC POWER ADAPTER EPS-3 G40DD-120300-A 100-120V 60HZ 1A 12V 3A,https://i.ebayimg.com/images/g/zrMAAOSwEWdmEZOf/s-l140.jpg,10.0,2024-04-06T18:30:23.000Z,,1,,
135425711480,DHRD-C919 Full-band Aviation Broadband Radio Receiver 2 Display APP Control,https://i.ebayimg.com/images/g/bdMAAOSwFc5nU24U/s-l140.jpg,195.0,2024-12-06T21:39:27.000Z,,1,,
135603768450,GSPSCN Silver Tire Inflator Heavy Duty Double Cylinders with Portable,https://i.ebayimg.com/images/g/ErYAAeSwWABnyhgk/s-l140.jpg,45.0,2025-03-06T21:51:35.000Z,,1,,TST123
135425733122,Cargartt RS1399 Universal Nylon Duck Bucket Seat Cover,https://i.ebayimg.com/images/g/pCgAAOSwKuJnU3Kj/s-l140.jpg,45.0,2024-12-06T21:56:41.000Z,,1,,
135425778918,BOSS CS-3 Compression Sustainer Guitar Effects Pedal New Open Box,https://i.ebayimg.com/images/g/TP0AAOSwDOhnU31G/s-l140.jpg,90.0,2024-12-06T22:43:12.000Z,,1,,
135425863881,O’Bright Dimmable LED Pharmacy Floor Lamp 12W LED Full Range Dimming 360 NEW,https://i.ebayimg.com/images/g/digAAOSwMmFnK-Bv/s-l140.jpg,72.0,2024-12-07T00:06:16.000Z,,1,,
135426340015,Set of 2 Kingston 512MB 184-pin DIMM DDR PC-3200 Memory Module KVR400X64C3A/512,https://i.ebayimg.com/images/g/T0sAAOSwAMBnU-dy/s-l140.jpg,9.0,2024-12-07T06:15:59.000Z,,1,,
135137271520,Beauty LED mask - Infrared Light Therapy Facial Light Photons Facial Skin Ca...,https://i.ebayimg.com/images/g/CRkAAOSwwWdmirjm/s-l140.jpg,80.0,2024-07-07T15:52:23.000Z,,1,,
135137291370,"VADM1 Monoblock 1-Ch Class D Amplifier 1000W Max, 500W RMS High Power, 1/2/4-Ohm",https://i.ebayimg.com/images/g/h7YAAOSwwpFmir83/s-l140.jpg,150.0,2024-07-07T16:18:02.000Z,,1,,
135539313993,Eton Elite Executive AM/FM/Aircraft Band/SSB/Shortwave Radio,https://i.ebayimg.com/images/g/g4MAAOSwt25npl-C/s-l140.jpg,125.0,2025-02-07T19:32:19.000Z,,4,,
135539321293,"Cushion Lab Patented Pressure Relief Seat Cushion, Long Sitting Hours Open Box",https://i.ebayimg.com/images/g/4ukAAOSw4V9nW0eM/s-l140.jpg,47.0,2025-02-07T19:34:40.000Z,,2,,
135049291278,Fingerprint Door Lock  TEEHO TE002 Keyless Entry Door Lock with Keypad (Black),https://i.ebayimg.com/images/g/vu0AAOSwo8lmOoG6/s-l140.jpg,42.0,2024-05-07T19:37:16.000Z,,2,,
135049293367,Fingerprint Door Lock  TEEHO TE002 Keyless Entry Door Lock with Keypad (silver),https://i.ebayimg.com/images/g/GycAAOSwCrFmOoMa/s-l140.jpg,42.0,2024-05-07T19:39:01.000Z,,3,,
135049310366,"Star Projector, Orzorz Galaxy Night Light, Home Planetarium Projector White ",https://i.ebayimg.com/images/g/PcwAAOSw~pRmOocp/s-l140.jpg,60.0,2024-05-07T19:57:27.000Z,,1,,
135291419720,DEPSTECH DW50 Pro Webcam 4K Zoomable Camera with Microphone Remoteand Auto-Focus,https://i.ebayimg.com/images/g/luwAAOSwPMNnBYFd/s-l140.jpg,55.0,2024-10-08T19:03:01.000Z,,1,,
135291434852,"Sysform Table Top Corner Rounding Machine Corner Cutter with 1/4"" Die",https://i.ebayimg.com/images/g/MIAAAOSwvHFnBYYD/s-l140.jpg,80.0,2024-10-08T19:20:44.000Z,,1,,
135489489102,"Electric Heated Blanket, 84""X 90"" Queen Size Heating Blanket, Rose Flower Patter",https://i.ebayimg.com/images/g/RlcAAOSwWGpnfxfl/s-l140.jpg,85.0,2025-01-09T00:31:26.000Z,,1,,
135489593357,Stainless Steel Manual Meat Grinder Machine - Sausage Tube and Easy Clean Design,https://i.ebayimg.com/images/g/4zgAAOSwzptnfy-5/s-l140.jpg,60.0,2025-01-09T02:12:08.000Z,,1,,
135489621135,DCB120 20V 6.0Ah Battery Replacement for Dewalt 20V Battery 2 Pack with DCB112,https://i.ebayimg.com/images/g/008AAOSwtFRnfzY4/s-l140.jpg,50.0,2025-01-09T02:39:21.000Z,,1,,
135140477562,"Brigii Crevice Handheld Vacuum & Air Duster & Hand Pump 3 in 1, Cordless Mini",https://i.ebayimg.com/images/g/wQMAAOSwoQBmjZ7a/s-l140.jpg,40.0,2024-07-09T20:38:12.000Z,,1,,
135011939049,NUBWO G06 Wireless Gaming Headset with Microphone for PS5 PS4 PC Mac 3-in-1,https://i.ebayimg.com/images/g/dUYAAOSwxedmFdbq/s-l140.jpg,36.0,2024-04-10T00:03:26.000Z,,1,,
135011978130,LEVN Blutooth Wireless Headphones For TV Watching + TV Transmitter Charging Base,https://i.ebayimg.com/images/g/K04AAOSwLexmFdzK/s-l140.jpg,58.0,2024-04-10T00:32:06.000Z,,1,,
135012491654,"Wireless Electronic Pet Dog Fence System For Two, Waterproof and Rechargeable",https://i.ebayimg.com/images/g/8C8AAOSwTEdmFjsx/s-l140.jpg,70.0,2024-04-10T07:12:19.000Z,,1,,
135545299438,20x70 Binoculars for Adults High Powered - WOZEL HD Bird Binoculars with Clea...,https://i.ebayimg.com/images/g/uoEAAOSwE8FnqkGn/s-l140.jpg,80.0,2025-02-10T18:15:34.000Z,,1,,
135545325487,"Medcursor Foot Massager with Heat, Deep Kneading for Plantar Relief, Multi-Level",https://i.ebayimg.com/images/g/VzUAAOSwEJtnqkTT/s-l140.jpg,55.0,2025-02-10T18:27:56.000Z,,1,,
135545334060,DEWENWILS 2Pcs Security Outdoor Wall Light LED Floodlight for Yard 6670 Lumen,https://i.ebayimg.com/images/g/27AAAOSwBP5nqkY4/s-l140.jpg,65.0,2025-02-10T18:33:45.000Z,,1,,
135434344678,DC Power Supply Variable 30V 10A Bench Power Supply 4-Digits Display,https://i.ebayimg.com/images/g/M7UAAOSwjhxnWKNx/s-l140.jpg,65.0,2024-12-10T20:28:00.000Z,,1,,
135434433114,QPQ Level 2 EV Charger 40 Amp 240V NEMA 14-50 25FT J1772 Time Delay Adjustable,https://i.ebayimg.com/images/g/C9oAAOSwfNdnWLVZ/s-l140.jpg,140.0,2024-12-10T21:43:48.000Z,,1,,
135434484784,"(4) VANoopee 3-Color 20W H Track Lighting Heads Dimmable Bright LED, H Track",https://i.ebayimg.com/images/g/GX8AAOSw-elnWLsN/s-l140.jpg,70.0,2024-12-10T22:09:15.000Z,,1,,
135434598894,"Fingerprint Smart Door Lock with Front Door Handle Set, Keyless Entry Door Lo...",https://i.ebayimg.com/images/g/agQAAOSwMK1nWM0V/s-l140.jpg,75.0,2024-12-10T23:24:49.000Z,,1,,
135492709536,"Viozon Tablet Phone Overhead Stand, Height & 360 Degree Angle Adjustable, Alu...",https://i.ebayimg.com/images/g/zBEAAOSwrJlngbTZ/s-l140.jpg,44.0,2025-01-11T00:04:50.000Z,,1,,
135434638092,Logitech 960-001335 C920x Black Pro HD Webcam (Open Box),https://i.ebayimg.com/images/g/EEUAAOSw4V9nWNe2/s-l140.jpg,50.0,2024-12-11T00:10:32.000Z,,1,,
135434670695,"8Bitdo Ultimate 2.4G Wireless Controller, Hall Effect Joystick Update, Gaming Co",https://i.ebayimg.com/images/g/kJoAAOSw-xNnWN-S/s-l140.jpg,45.0,2024-12-11T00:42:37.000Z,,1,,
135434686770,"Ultimate 2.4g Wireless Controller With Charging Dock, 2.4g Controller for PC,...",https://i.ebayimg.com/images/g/3mUAAOSwXctnWOIV/s-l140.jpg,45.0,2024-12-11T00:54:31.000Z,,1,,
135492832686,Faszin Ionic Professional Salon Hair Blow Dryer S200 2 Speed 3 Heat Setting-Blue,https://i.ebayimg.com/images/g/3ZYAAOSwq~pngchp/s-l140.jpg,50.0,2025-01-11T01:29:14.000Z,,1,,
135492844446,"CCS to TSL(NACS) Adapter - Max 250KW DC Fast Charging, Compatible with TSL ",https://i.ebayimg.com/images/g/7gkAAOSwWANngcqa/s-l140.jpg,59.0,2025-01-11T01:36:53.000Z,,1,,
135434734515,TypeCase Edge iPad Keyboard Case With Trackpad 11 inch (4th/3rd/2nd/1st Gen,https://i.ebayimg.com/images/g/HxUAAOSw27dnWO9s/s-l140.jpg,55.0,2024-12-11T01:50:34.000Z,,1,,
135492893983,JUNMAN 6x18W 6 in 1 Wireless DMX Battery Power Led Par Light Stage Uplight,https://i.ebayimg.com/images/g/kogAAOSwkj9ngdPS/s-l140.jpg,115.0,2025-01-11T02:17:44.000Z,,1,,
135492909184,"CHINCHILLA Heavy Duty All Stainless Steel Mobile Fridge Stand Base, Washing M…",https://i.ebayimg.com/images/g/HnIAAOSwBuRngdfZ/s-l140.jpg,40.0,2025-01-11T02:33:11.000Z,,1,,
135014491883,XQCK Dash Cam 3 Channel Front & Rear Inside 2k+1080P+1080P+1080P Dual Dash Cam,https://i.ebayimg.com/images/g/5DIAAOSw0BBmGDil/s-l140.jpg,45.0,2024-04-11T19:25:16.000Z,,1,,
135547855311,"YELLOW JACKET Cabinet Jacks 2 Pack for Installing Cabinets, Labor black ",https://i.ebayimg.com/images/g/hXwAAOSw9CJnq7rR/s-l140.jpg,60.0,2025-02-11T21:03:57.000Z,,1,,
135547923170,60W Flood Lights Outdoor 6000lm LED Work Light Plug in 6500K Daylight White Led,https://i.ebayimg.com/images/g/p-cAAOSwZVJnq8RD/s-l140.jpg,55.0,2025-02-11T21:45:43.000Z,,1,,
135547946942,"Talebot Pro Coding Robot Kit for Kids Ages 3-5, Educational Learning Toys, STEM ",https://i.ebayimg.com/images/g/n6MAAOSwDn9nq8al/s-l140.jpg,75.0,2025-02-11T21:55:43.000Z,,1,,
135014607774,Rare Arcteryx Authorized Dealer HANGING LED NEON LIGHT SIGN 18x18 (works),https://i.ebayimg.com/images/g/1QwAAOSwHShmGE8y/s-l140.jpg,250.0,2024-04-11T21:07:48.000Z,,1,,
134974110589,NUBWO G06 Dual Wireless Gaming Headset with Microphone 2.4Ghz 50mm Driver Orange,https://i.ebayimg.com/images/g/PdUAAOSwl1tl74qL/s-l140.jpg,32.0,2024-03-11T22:52:33.000Z,,1,,
134974122310,CARESKY Neck and Shoulder Massager with Heat Cordless Deep Tissue,https://i.ebayimg.com/images/g/jHAAAOSwPABl7465/s-l140.jpg,50.0,2024-03-11T23:10:16.000Z,,1,,
135438155476,KLIM Smart 28 days Pill Dispenser Machine w/Alarm + WiFi App Monitoring Open Box,https://i.ebayimg.com/images/g/w4gAAOSwdWxnW0xo/s-l140.jpg,85.0,2024-12-12T20:53:15.000Z,,1,,
135438232680,Ergobaby Omni 360 All-Position Baby Carrier for Newborn to Toddler 7-45 Lb,https://i.ebayimg.com/images/g/QlEAAOSwt99nW11V/s-l140.jpg,85.0,2024-12-12T22:06:02.000Z,,1,,
135016734771,"SereneLife 20PSI High Pressure SUP Electric Air Pump,Dual Stage Inflation Paddle",https://i.ebayimg.com/images/g/tfYAAOSw2GtmGlaQ/s-l140.jpg,59.0,2024-04-13T09:58:17.000Z,,1,,
135552303896,Button Maker Machine 58mm - (3rd Gen) Installation-Free 58mm(2.25in) DIY Pin ...,https://i.ebayimg.com/images/g/5qEAAOSwQSlnYeHr/s-l140.jpg,50.0,2025-02-13T18:43:47.000Z,,1,,
135552327308,Broan 9815WH 1500W 120/240V High Capacity Fan-Forced Wall Heater with Thermostat,https://i.ebayimg.com/images/g/qX0AAeSwN61nrkBC/s-l140.jpg,165.0,2025-02-13T18:57:42.000Z,,1,,
134976559294,"Professional Hair Dryer, Maxfoxe Travel Blow Dryer Iconic , 9 Modes Portable.",https://i.ebayimg.com/images/g/TtIAAOSwCLhl8em1/s-l140.jpg,80.0,2024-03-13T18:02:19.000Z,,1,,
135552336138,Tire Inflator Portable Air Compressor 150 PSI Rechargeable LED Display Cordless,https://i.ebayimg.com/images/g/CicAAeSwDA5nrkMI/s-l140.jpg,35.0,2025-02-13T19:09:21.000Z,,1,,
135496996358,"Veise Fingerprint Door Lock, Keyless Entry, Electronic Keypad Deadbolt, Black",https://i.ebayimg.com/images/g/zGgAAOSwrRFnhYDP/s-l140.jpg,80.0,2025-01-13T21:11:09.000Z,,1,,
135497037837,"Massage Gun Deep Tissue,Percussion Massager Gun for Athletes Muscle Massage Gun ",https://i.ebayimg.com/images/g/3Y0AAOSwyDlnhYol/s-l140.jpg,15.0,2025-01-13T21:49:43.000Z,,1,,
135440266055,"2024 Newest AX3000 Wifi 6 Range Extender, Wifi Extender Signal Booster with Giga",https://i.ebayimg.com/images/g/a7kAAOSwC~xnXNjT/s-l140.jpg,65.0,2024-12-14T01:07:44.000Z,,1,,
135440276492,"Veise Fingerprint Door Lock, Keyless Entry, Electronic Keypad Deadbolt, Nickel",https://i.ebayimg.com/images/g/ZAcAAOSwQjlnXNyh/s-l140.jpg,75.0,2024-12-14T01:19:32.000Z,,1,,
135440283847,"Ozone Generator 55,000mg/h OZB1 Ozone Odor Eliminator Commercial Ozone Machine",https://i.ebayimg.com/images/g/bIYAAOSwHrBnXN4e/s-l140.jpg,60.0,2024-12-14T01:26:01.000Z,,1,,
135017650054,Bebamour Knit Baby Carrier Lightweight Baby Wrap Carrier 3-in-1,https://i.ebayimg.com/images/g/VAQAAOSwsStmG0GY/s-l140.jpg,39.0,2024-04-14T03:12:10.000Z,,1,,
135018294309,"WOOCARTY 10.1"" RV Backup - 3 Camera System Wireless 1080P DVR Recording Monitor",https://i.ebayimg.com/images/g/XwYAAOSwdzpmHAwI/s-l140.jpg,150.0,2024-04-14T17:05:28.000Z,,1,,
135018305862,Misty Harbor | Vintage Plaid Lined Rain Coat (Small),https://i.ebayimg.com/images/g/SeMAAOSwBG5mHA-q/s-l140.jpg,30.0,2024-04-14T17:22:40.000Z,,1,,
135018318038,Cabela's 10000Ft Above Sea Level Green Nylon Jacket Coat Fleece Lined Men's L,https://i.ebayimg.com/images/g/OOAAAOSwKxBmHBLN/s-l140.jpg,38.0,2024-04-14T17:36:56.000Z,,1,,
135018330307,Lacoste Polo Shirt Men Size 9 Gray Short Sleeve Crocodile Logo Embroidered 90s,https://i.ebayimg.com/images/g/dBUAAOSwuxZmHBbZ/s-l140.jpg,20.0,2024-04-14T17:50:13.000Z,,1,,
135193575051,Team Effort MLB 3 Piece Headcover Set - Chicago White Sox,https://i.ebayimg.com/images/g/rkEAAOSwZ5tmvQOC/s-l140.jpg,46.0,2024-08-14T19:24:26.000Z,,1,,
135623396417,Monocular Telescope High Power 8X42 Monoculars Scope Compact Waterproof Fogproof,https://i.ebayimg.com/images/g/zOAAAeSwLaRn1IJ1/s-l140.jpg,46.0,2025-03-14T19:27:27.000Z,,1,,
135193595478,"BetyBedy CCS Adapter for Tesla Model Y/3/X/S, CCS Tesla Charging Accessories,",https://i.ebayimg.com/images/g/dbIAAOSwEXVmvQhp/s-l140.jpg,54.0,2024-08-14T19:44:58.000Z,,1,,
